user_id,year,month,component,ethical_flag,confidence,similarity_score,best_approach
004ac059-2cfd-4a92-ab83-dc381980d814,2025,March,executive_summary,Safe,1.0,0.68,chain_of_thought
004ac059-2cfd-4a92-ab83-dc381980d814,2025,March,recommendations,Safe,0.99,0.65,chain_of_thought
00a2a97f-83f8-4a9d-a34c-5ba6bf8aa8d6,2025,March,executive_summary,Safe,1.0,0.64,chain_of_thought
00a2a97f-83f8-4a9d-a34c-5ba6bf8aa8d6,2025,March,recommendations,Safe,0.99,0.51,chain_of_thought
011f2f41-325a-4551-a133-94c22f1ce529,2025,March,executive_summary,Safe,1.0,0.61,chain_of_thought
011f2f41-325a-4551-a133-94c22f1ce529,2025,March,recommendations,Safe,0.99,0.57,chain_of_thought
00f09ef8-bcbb-4ea0-bc8e-0aecaf374edb,2025,March,executive_summary,Safe,1.0,0.61,chain_of_thought
00f09ef8-bcbb-4ea0-bc8e-0aecaf374edb,2025,March,recommendations,Safe,0.99,0.53,chain_of_thought
007d7174-0683-4668-b1c4-6372eb840165,2025,March,executive_summary,Safe,1.0,0.66,chain_of_thought
007d7174-0683-4668-b1c4-6372eb840165,2025,March,recommendations,Safe,0.99,0.52,chain_of_thought
00b3431e-7d54-4786-9476-5559466522f1,2025,March,executive_summary,Safe,1.0,0.59,chain_of_thought
00b3431e-7d54-4786-9476-5559466522f1,2025,March,recommendations,Safe,0.99,0.56,chain_of_thought
00d79a2d-852d-409d-9e1e-4523219a0a9e,2025,March,executive_summary,Safe,1.0,0.61,chain_of_thought
00d79a2d-852d-409d-9e1e-4523219a0a9e,2025,March,recommendations,Safe,0.99,0.57,chain_of_thought
0129b85a-0b73-4954-a5f3-fe13cecbcb4b,2025,March,executive_summary,Safe,1.0,0.62,chain_of_thought
0129b85a-0b73-4954-a5f3-fe13cecbcb4b,2025,March,recommendations,Safe,0.99,0.55,chain_of_thought
00330840-b1dd-4c54-a5f0-ea4f500a765f,2025,March,executive_summary,Safe,1.0,0.65,chain_of_thought
00330840-b1dd-4c54-a5f0-ea4f500a765f,2025,March,recommendations,Safe,0.99,0.61,chain_of_thought
00abb796-c770-41ca-a1f1-33a498a951f4,2025,March,executive_summary,Safe,0.99,0.6,chain_of_thought
00abb796-c770-41ca-a1f1-33a498a951f4,2025,March,recommendations,Safe,0.99,0.53,chain_of_thought
007b2875-3900-4a28-8bea-9864afb2338f,2025,March,executive_summary,Safe,1.0,0.61,chain_of_thought
007b2875-3900-4a28-8bea-9864afb2338f,2025,March,recommendations,Safe,0.99,0.58,chain_of_thought
00860f61-fe92-4a37-ad92-f4afc458f27a,2025,March,executive_summary,Safe,1.0,0.69,chain_of_thought
00860f61-fe92-4a37-ad92-f4afc458f27a,2025,March,recommendations,Safe,0.99,0.56,chain_of_thought
01279822-d02b-400e-b654-481f15ede525,2025,March,executive_summary,Safe,1.0,0.53,chain_of_thought
01279822-d02b-400e-b654-481f15ede525,2025,March,recommendations,Safe,0.98,0.59,chain_of_thought
00a74ced-cfb6-4ac4-b8b9-3ad03f507444,2025,March,executive_summary,Safe,1.0,0.69,chain_of_thought
00a74ced-cfb6-4ac4-b8b9-3ad03f507444,2025,March,recommendations,Safe,0.99,0.6,chain_of_thought
004079ea-9011-4aaa-a523-e22ef514ab77,2025,March,executive_summary,Safe,1.0,0.63,chain_of_thought
004079ea-9011-4aaa-a523-e22ef514ab77,2025,March,recommendations,Safe,0.99,0.57,chain_of_thought
00aaabae-49e5-407b-bcca-e66fa62b73f1,2025,March,executive_summary,Safe,1.0,0.6,chain_of_thought
00aaabae-49e5-407b-bcca-e66fa62b73f1,2025,March,recommendations,Safe,0.99,0.56,chain_of_thought
0088c8b5-5355-4363-9ac8-371a5f47e61f,2025,March,executive_summary,Safe,1.0,0.62,chain_of_thought
0088c8b5-5355-4363-9ac8-371a5f47e61f,2025,March,recommendations,Safe,0.99,0.53,chain_of_thought
0087cf10-d897-46b8-91c8-5a1e2db92c90,2025,March,executive_summary,Safe,1.0,0.65,chain_of_thought
0087cf10-d897-46b8-91c8-5a1e2db92c90,2025,March,recommendations,Safe,0.99,0.61,chain_of_thought
00cb279b-7709-4ff4-89f7-8fa6439d252a,2025,March,executive_summary,Safe,1.0,0.62,chain_of_thought
00cb279b-7709-4ff4-89f7-8fa6439d252a,2025,March,recommendations,Safe,0.99,0.56,chain_of_thought
00c41e47-8d31-46c2-abf4-0b22fa77af54,2025,March,executive_summary,Safe,1.0,0.68,chain_of_thought
00c41e47-8d31-46c2-abf4-0b22fa77af54,2025,March,recommendations,Safe,0.99,0.57,chain_of_thought
009bcd17-351d-49c9-9963-4f14eee330a0,2025,March,executive_summary,Safe,1.0,0.68,chain_of_thought
009bcd17-351d-49c9-9963-4f14eee330a0,2025,March,recommendations,Safe,0.99,0.61,chain_of_thought
004db672-4a0c-43e6-8f25-fc99a0df44c0,2025,March,executive_summary,Safe,1.0,0.68,chain_of_thought
004db672-4a0c-43e6-8f25-fc99a0df44c0,2025,March,recommendations,Safe,0.99,0.5,chain_of_thought
00bff9b8-5825-4602-96e8-a28fb1b02427,2025,March,executive_summary,Safe,1.0,0.68,chain_of_thought
00bff9b8-5825-4602-96e8-a28fb1b02427,2025,March,recommendations,Safe,0.99,0.55,chain_of_thought
0061b3b1-a1bc-427d-8a2f-4b61a05d536a,2025,March,executive_summary,Safe,1.0,0.59,chain_of_thought
0061b3b1-a1bc-427d-8a2f-4b61a05d536a,2025,March,recommendations,Safe,0.99,0.58,chain_of_thought
01415f23-f9ed-47ee-babe-8254cde8f59b,2025,March,executive_summary,Safe,1.0,0.65,chain_of_thought
01415f23-f9ed-47ee-babe-8254cde8f59b,2025,March,recommendations,Safe,0.99,0.54,chain_of_thought
009bcab5-037d-4e7c-8152-0204d4dc23bd,2025,March,executive_summary,Safe,1.0,0.63,chain_of_thought
009bcab5-037d-4e7c-8152-0204d4dc23bd,2025,March,recommendations,Safe,0.99,0.57,chain_of_thought
00a9353c-ca47-4532-ba09-614fb6343d85,2025,March,executive_summary,Safe,1.0,0.66,chain_of_thought
00a9353c-ca47-4532-ba09-614fb6343d85,2025,March,recommendations,Safe,0.99,0.58,chain_of_thought
002d6c4f-c394-4164-a185-f189c18c13cb,2025,March,executive_summary,Safe,1.0,0.69,chain_of_thought
002d6c4f-c394-4164-a185-f189c18c13cb,2025,March,recommendations,Safe,0.99,0.62,chain_of_thought
01197ed5-f8cd-43bd-9255-a5ac2aafcbf0,2025,March,executive_summary,Safe,1.0,0.61,chain_of_thought
01197ed5-f8cd-43bd-9255-a5ac2aafcbf0,2025,March,recommendations,Safe,0.99,0.57,chain_of_thought
007bd24b-88e1-4970-b6a0-f17abd13c219,2025,March,executive_summary,Safe,1.0,0.69,chain_of_thought
007bd24b-88e1-4970-b6a0-f17abd13c219,2025,March,recommendations,Safe,0.98,0.49,chain_of_thought
006ae697-d90b-44e7-9ed7-d8e966bfe54b,2025,March,executive_summary,Safe,1.0,0.63,chain_of_thought
006ae697-d90b-44e7-9ed7-d8e966bfe54b,2025,March,recommendations,Safe,0.99,0.62,chain_of_thought
005264e7-bb6f-4bab-9b1a-656b1cc07f30,2025,March,executive_summary,Safe,1.0,0.59,chain_of_thought
005264e7-bb6f-4bab-9b1a-656b1cc07f30,2025,March,recommendations,Safe,0.99,0.61,chain_of_thought
00dfc5b5-a7f3-48a8-9f72-232c1c407fe1,2025,March,executive_summary,Safe,1.0,0.59,chain_of_thought
00dfc5b5-a7f3-48a8-9f72-232c1c407fe1,2025,March,recommendations,Safe,0.99,0.55,chain_of_thought
010affbc-cc8c-412e-afdd-0a912cff8125,2025,March,executive_summary,Safe,1.0,0.66,chain_of_thought
010affbc-cc8c-412e-afdd-0a912cff8125,2025,March,recommendations,Safe,0.98,0.55,chain_of_thought
0046d90d-7742-4716-9a63-8730bf0e531c,2025,March,executive_summary,Safe,1.0,0.66,chain_of_thought
0046d90d-7742-4716-9a63-8730bf0e531c,2025,March,recommendations,Safe,0.99,0.55,chain_of_thought
00a8b4f5-3c2a-4bba-a1ff-bb59c2efdb2e,2025,March,executive_summary,Safe,1.0,0.64,chain_of_thought
00a8b4f5-3c2a-4bba-a1ff-bb59c2efdb2e,2025,March,recommendations,Safe,0.99,0.65,chain_of_thought
011e2d6e-1562-4910-a070-7060a33430a1,2025,March,executive_summary,Safe,1.0,0.63,chain_of_thought
011e2d6e-1562-4910-a070-7060a33430a1,2025,March,recommendations,Safe,0.99,0.61,chain_of_thought
000a2f81-7f09-4411-8dee-425dc4713a26,2025,March,executive_summary,Safe,1.0,0.65,chain_of_thought
000a2f81-7f09-4411-8dee-425dc4713a26,2025,March,recommendations,Safe,0.99,0.59,chain_of_thought
00c3971a-f58f-4f10-a75e-56b5e6da8459,2025,March,executive_summary,Safe,1.0,0.6,chain_of_thought
00c3971a-f58f-4f10-a75e-56b5e6da8459,2025,March,recommendations,Safe,0.99,0.59,chain_of_thought
010debc9-80f6-4aca-ac72-4c909b62928a,2025,March,executive_summary,Safe,1.0,0.61,chain_of_thought
010debc9-80f6-4aca-ac72-4c909b62928a,2025,March,recommendations,Safe,0.99,0.52,chain_of_thought
00d6a40b-e1b7-4f23-90c6-cdc6e0b1f666,2025,March,executive_summary,Safe,1.0,0.72,chain_of_thought
00d6a40b-e1b7-4f23-90c6-cdc6e0b1f666,2025,March,recommendations,Safe,0.99,0.52,chain_of_thought
00387550-cc80-4657-b27d-f3f8ad7da802,2025,March,executive_summary,Safe,1.0,0.57,chain_of_thought
00387550-cc80-4657-b27d-f3f8ad7da802,2025,March,recommendations,Safe,0.99,0.62,chain_of_thought
004a65a2-0e82-4b63-b7bf-bff6f3bbf2be,2025,March,executive_summary,Safe,1.0,0.57,chain_of_thought
004a65a2-0e82-4b63-b7bf-bff6f3bbf2be,2025,March,recommendations,Safe,0.99,0.51,chain_of_thought
005a5a83-5940-4803-a2f9-15159d4a90c3,2025,March,executive_summary,Safe,1.0,0.68,chain_of_thought
005a5a83-5940-4803-a2f9-15159d4a90c3,2025,March,recommendations,Safe,0.98,0.57,chain_of_thought
00e5c163-f0ce-4535-9eb3-f088259eda44,2025,March,executive_summary,Safe,1.0,0.62,chain_of_thought
00e5c163-f0ce-4535-9eb3-f088259eda44,2025,March,recommendations,Safe,0.99,0.58,chain_of_thought
00ad44fd-c78a-426c-9c63-fc51df562101,2025,March,executive_summary,Safe,1.0,0.62,chain_of_thought
00ad44fd-c78a-426c-9c63-fc51df562101,2025,March,recommendations,Safe,0.99,0.61,chain_of_thought
00f1afd2-e2e3-4d21-82b9-87aacf4e4320,2025,March,executive_summary,Safe,1.0,0.67,chain_of_thought
00f1afd2-e2e3-4d21-82b9-87aacf4e4320,2025,March,recommendations,Safe,0.99,0.57,chain_of_thought
012e0cee-7581-49d7-8126-d5eb26c9eada,2025,March,executive_summary,Safe,1.0,0.63,chain_of_thought
012e0cee-7581-49d7-8126-d5eb26c9eada,2025,March,recommendations,Safe,0.99,0.57,chain_of_thought
005a59da-0e0e-4e2e-b524-47ac118c65db,2025,March,executive_summary,Safe,1.0,0.64,chain_of_thought
005a59da-0e0e-4e2e-b524-47ac118c65db,2025,March,recommendations,Safe,0.99,0.5,chain_of_thought
012177c0-5f86-4a8c-a90d-49f8f86893f1,2025,March,executive_summary,Safe,1.0,0.65,chain_of_thought
012177c0-5f86-4a8c-a90d-49f8f86893f1,2025,March,recommendations,Safe,0.99,0.6,chain_of_thought
